Lash Lounge,+5150611766,Papua New Guinea,43990₽,county
Lash Lounge,+68870119419,Eritrea,81304₽,administration
Trendsetting Tailors,+63634274916,Montenegro,30407₽,drawer
Fine Fabrics,+68807026967,Libya,91067₽,contribution
Sleek Styles,+57825297785,Samoa,55757₽,definition
Modish Mannequins,+99335655769,Jamaica,53677₽,concept
Sleek Styles,+65631942749,United Kingdom,92546₽,language
Haute Hues,+10243101984,Tajikistan,15712₽,contract
Trendy Threads,+87460941739,Latvia,24694₽,revenue
Brow Boosters,+94168302725,Thailand,87190₽,signature
Haute Hues,+10907643764,East Timor (Timor-Leste),44487₽,topic
Makeup Maven,+66147232175,Namibia,77295₽,buyer
Body Bliss,+36708965765,Mauritius,10487₽,passenger
Nail Nook,+73545744756,Luxembourg,90641₽,revolution
Chic Boutique,+8460343575,Armenia,81321₽,sample
Fashion Forward,+41291250459,Estonia,93657₽,drama
Elite Elegance,+47460081291,Bangladesh,41288₽,signature
Posh Patterns,+79243573264,India,37523₽,advertising
Elite Elegance,+63506890005,Sierra Leone,13758₽,employment
Stellar Stitches,+72540080837,Qatar,82866₽,revenue
Chic Boutique,+89388994101,Guinea,74981₽,family
Trendy Threads,+70646821150,East Timor (Timor-Leste),88004₽,midnight
Salon Suites,+83823150407,"Congo, Republic of the",80120₽,map
Skin Studio,+44847477088,Honduras,71073₽,mode
Dapper Designs,+4888311887,Mauritius,30539₽,advice
Sophisticated Sewing,+15763318607,Poland,71728₽,office
Trendsetting Tailors,+98538094494,Panama,52982₽,distribution
Glow Getter,+79592510446,United States of America,78364₽,drama
Haute Hues,+46407229829,Antigua and Barbuda,79287₽,classroom
Salon Suites,+39475056004,United States of America,14911₽,user
Beauty Bar,+51576738491,Philippines,55043₽,contract
Lash Lounge,+19251482795,Suriname,66282₽,perception
Fashion Forward,+72260981686,France,94529₽,cigarette
Glow Getter,+6194296219,Norway,18874₽,preparation
Salon Suites,+25872965315,Turkey,71710₽,cookie
Makeup Maven,+39667622050,Togo,70221₽,description
Sleek Styles,+3049353839,Nigeria,21984₽,library
Fashion Forward,+33366804522,"Micronesia, Federated States of",31010₽,tea
Stellar Stitches,+34444356261,Madagascar,42912₽,contribution
Body Bliss,+48561102423,South Africa,18915₽,explanation
Body Bliss,+49698817362,Bolivia,22464₽,contract
Chic Boutique,+42347315118,Vanuatu,14471₽,perception
Body Bliss,+71670695283,Turkmenistan,60515₽,payment
Nail Nook,+22133432563,Dominica,27664₽,payment
Modish Mannequins,+37375759311,Ecuador,88439₽,drama
Sophisticated Sewing,+33208976629,"Micronesia, Federated States of",73801₽,injury
Body Bliss,+65775657642,Maldives,82694₽,revenue
Crisp Creations,+6928228995,Morocco,27170₽,wood
Fashion Forward,+15680913540,Belgium,50654₽,stranger
Chic Couture,+47787103607,Bhutan,59271₽,development
Beauty Bar,+3759891380,Lebanon,48087₽,map
Trendy Threads,+47410101087,Germany,98617₽,preparation
Clipper Cuts,+27590161747,Guyana,72371₽,map
Stellar Stitches,+89798963104,Guatemala,49737₽,employee
Beauty Bar,+59165520954,Sierra Leone,29441₽,advertising
Glow Getter,+20274032254,Philippines,85258₽,mode
Stylish Silhouettes,+23486209675,"Korea, North",83555₽,emphasis
